date,product_id,product_category,warehouse_location,stock_level,reorder_point,safety_stock,stockout_events,turnover_rate
2024-11-01,P001,Office Supplies,New York,416,397,174,0,2.5
2024-11-01,P002,Office Supplies,New York,319,386,148,0,4.2
2024-11-01,P003,Clothing,Los Angeles,296,449,155,0,5.6
2024-11-01,P004,Office Supplies,New York,563,215,121,0,6.9
2024-11-01,P005,Electronics,Miami,129,110,99,0,5.9
2024-11-01,P006,Clothing,Dallas,864,344,156,0,7.7
2024-11-01,P007,Clothing,Chicago,497,379,229,0,6.7
2024-11-01,P008,Clothing,Dallas,504,477,179,0,4.6
2024-11-01,P009,Clothing,Los Angeles,436,336,218,0,5.4
2024-11-01,P010,Electronics,Miami,281,191,99,0,2.6
2024-11-01,P011,Office Supplies,New York,115,269,115,0,6.3
2024-11-01,P012,Furniture,Chicago,41,39,17,0,4.4
2024-11-01,P013,Electronics,Chicago,150,135,99,0,3.2
2024-11-01,P014,Furniture,Dallas,36,44,22,0,4.4
2024-11-01,P015,Electronics,Los Angeles,450,197,58,0,6.7
2024-11-01,P016,Office Supplies,Miami,718,267,146,0,5.4
2024-11-01,P017,Furniture,Dallas,146,36,18,0,4.5
2024-11-01,P018,Clothing,New York,747,358,158,0,5.1
2024-11-01,P019,Electronics,Dallas,481,156,76,0,6.2
2024-11-01,P020,Furniture,Los Angeles,95,53,21,0,6.3
2024-11-08,P001,Electronics,New York,146,102,90,0,6.5
2024-11-08,P002,Office Supplies,Dallas,448,400,140,0,7.8
2024-11-08,P003,Office Supplies,Miami,241,207,137,0,2.6
2024-11-08,P004,Clothing,Miami,898,378,170,0,3.5
2024-11-08,P005,Furniture,Miami,111,54,21,0,5.6
2024-11-08,P006,Furniture,Dallas,71,56,26,0,2.6
2024-11-08,P007,Clothing,Los Angeles,898,328,185,0,6.9
2024-11-08,P008,Electronics,New York,400,128,92,0,5.6
2024-11-08,P009,Clothing,Chicago,351,320,181,0,4.7
2024-11-08,P010,Clothing,New York,605,467,204,0,3.2
2024-11-08,P011,Office Supplies,Miami,627,324,118,0,3.3
2024-11-08,P012,Office Supplies,Los Angeles,386,213,174,0,5.2
2024-11-08,P013,Electronics,Chicago,127,114,85,0,6.2
2024-11-08,P014,Clothing,Chicago,878,390,155,0,7.3
2024-11-08,P015,Furniture,Miami,50,47,25,0,4.8
2024-11-08,P016,Electronics,Los Angeles,403,191,55,0,4.0
2024-11-08,P017,Electronics,New York,272,160,79,0,7.7
2024-11-08,P018,Electronics,Miami,60,167,97,0,6.8
2024-11-08,P019,Electronics,Los Angeles,208,151,83,0,6.4
2024-11-08,P020,Electronics,Miami,265,135,82,0,5.1
2024-11-15,P001,Electronics,Chicago,287,105,96,0,6.1
2024-11-15,P002,Electronics,New York,439,189,91,0,6.1
2024-11-15,P003,Furniture,Chicago,104,35,28,0,7.9
2024-11-15,P004,Office Supplies,Chicago,605,279,149,0,6.5
2024-11-15,P005,Office Supplies,Miami,796,392,145,0,5.0
2024-11-15,P006,Electronics,New York,310,187,98,0,6.9
2024-11-15,P007,Clothing,Miami,966,499,216,0,5.4
2024-11-15,P008,Electronics,Dallas,120,129,56,0,3.6
2024-11-15,P009,Clothing,Miami,398,472,225,0,7.2
2024-11-15,P010,Electronics,Los Angeles,169,165,64,0,7.0
2024-11-15,P011,Electronics,Los Angeles,455,123,83,0,3.1
2024-11-15,P012,Clothing,Miami,353,483,167,0,2.3
2024-11-15,P013,Furniture,Los Angeles,111,51,19,0,4.2
2024-11-15,P014,Furniture,Los Angeles,35,38,22,0,5.0
2024-11-15,P015,Office Supplies,Los Angeles,249,307,120,0,3.5
2024-11-15,P016,Electronics,New York,193,169,67,0,6.9
2024-11-15,P017,Office Supplies,Los Angeles,391,217,192,0,6.7
2024-11-15,P018,Furniture,New York,69,38,30,0,7.4
2024-11-15,P019,Furniture,Chicago,139,39,28,0,3.4
2024-11-15,P020,Furniture,New York,26,37,27,0,7.3
2024-11-22,P001,Clothing,Dallas,821,331,180,0,7.3
2024-11-22,P002,Office Supplies,New York,267,321,114,0,8.0
2024-11-22,P003,Office Supplies,Miami,325,368,191,0,3.4
2024-11-22,P004,Electronics,Miami,311,154,71,0,3.2
2024-11-22,P005,Furniture,Chicago,70,47,17,0,6.9
2024-11-22,P006,Furniture,Miami,71,33,20,0,7.5
2024-11-22,P007,Clothing,Dallas,753,484,213,0,4.3
2024-11-22,P008,Office Supplies,Los Angeles,421,396,138,0,7.6
2024-11-22,P009,Furniture,Los Angeles,110,52,19,0,6.6
2024-11-22,P010,Clothing,Chicago,877,411,218,0,7.6
2024-11-22,P011,Office Supplies,Los Angeles,216,357,110,0,3.5
2024-11-22,P012,Furniture,New York,85,45,27,0,7.0
2024-11-22,P013,Furniture,Dallas,124,59,25,0,3.7
2024-11-22,P014,Clothing,Dallas,999,425,210,0,2.9
2024-11-22,P015,Furniture,Los Angeles,97,35,22,0,4.1
2024-11-22,P016,Furniture,New York,42,51,20,0,4.8
2024-11-22,P017,Clothing,Los Angeles,541,403,181,0,2.9
2024-11-22,P018,Clothing,New York,322,353,198,0,7.7
2024-11-22,P019,Furniture,New York,49,38,15,0,2.8
2024-11-22,P020,Office Supplies,Chicago,344,344,200,0,3.3
2024-11-29,P001,Office Supplies,Chicago,487,243,160,0,6.3
2024-11-29,P002,Furniture,New York,89,60,15,0,4.5
2024-11-29,P003,Electronics,Miami,454,165,68,0,2.5
2024-11-29,P004,Electronics,New York,409,108,80,0,3.0
2024-11-29,P005,Office Supplies,New York,777,318,168,0,4.2
2024-11-29,P006,Electronics,Dallas,94,128,76,0,4.8
2024-11-29,P007,Clothing,New York,410,349,164,0,6.4
2024-11-29,P008,Furniture,New York,64,41,21,0,6.2
2024-11-29,P009,Clothing,Dallas,864,428,222,0,6.7
2024-11-29,P010,Office Supplies,Dallas,285,360,174,0,7.9
2024-11-29,P011,Furniture,Los Angeles,126,43,16,0,2.6
2024-11-29,P012,Office Supplies,New York,361,388,181,0,3.1
2024-11-29,P013,Electronics,Chicago,430,198,85,0,7.3
2024-11-29,P014,Furniture,New York,28,55,27,0,5.0
2024-11-29,P015,Office Supplies,Miami,228,221,148,0,5.4
2024-11-29,P016,Electronics,Chicago,99,108,50,0,4.0
2024-11-29,P017,Clothing,New York,772,377,151,0,2.4
2024-11-29,P018,Clothing,Dallas,615,399,220,0,5.2
2024-11-29,P019,Electronics,Chicago,393,198,52,0,7.6
2024-11-29,P020,Electronics,Los Angeles,371,138,72,0,6.7
2024-12-06,P001,Clothing,Los Angeles,790,427,248,0,5.1
2024-12-06,P002,Clothing,New York,500,397,232,0,5.1
2024-12-06,P003,Clothing,Miami,452,391,152,0,7.6
2024-12-06,P004,Furniture,Miami,28,59,24,0,5.6
2024-12-06,P005,Electronics,Dallas,83,165,57,0,2.7
2024-12-06,P006,Clothing,New York,814,498,179,0,6.2
2024-12-06,P007,Electronics,Miami,297,130,100,0,3.0
2024-12-06,P008,Clothing,Los Angeles,735,380,231,0,7.5
2024-12-06,P009,Clothing,New York,526,348,217,0,4.6
2024-12-06,P010,Electronics,Dallas,115,156,82,0,3.3
2024-12-06,P011,Furniture,Dallas,149,37,30,0,7.4
2024-12-06,P012,Clothing,Dallas,787,310,238,0,7.8
2024-12-06,P013,Office Supplies,Miami,441,373,157,0,3.2
2024-12-06,P014,Clothing,Los Angeles,503,497,199,0,5.2
2024-12-06,P015,Electronics,Miami,415,191,60,0,7.5
2024-12-06,P016,Electronics,New York,406,160,54,0,3.4
2024-12-06,P017,Clothing,Los Angeles,689,408,216,0,2.4
2024-12-06,P018,Clothing,Chicago,310,428,176,0,3.7
2024-12-06,P019,Electronics,New York,479,139,98,0,4.8
2024-12-06,P020,Electronics,Miami,331,178,54,0,7.7
2024-12-13,P001,Electronics,Los Angeles,150,105,77,0,2.8
2024-12-13,P002,Electronics,Los Angeles,363,123,80,0,6.7
2024-12-13,P003,Office Supplies,Dallas,747,387,114,0,6.3
2024-12-13,P004,Clothing,Miami,619,356,248,0,5.2
2024-12-13,P005,Clothing,Los Angeles,608,303,216,0,3.2
2024-12-13,P006,Electronics,New York,424,120,71,0,6.2
2024-12-13,P007,Furniture,New York,150,46,27,0,7.9
2024-12-13,P008,Office Supplies,New York,348,237,121,0,2.5
2024-12-13,P009,Office Supplies,New York,766,340,176,0,3.7
2024-12-13,P010,Office Supplies,Miami,346,313,106,0,7.4
2024-12-13,P011,Electronics,New York,172,116,65,0,7.5
2024-12-13,P012,Clothing,New York,763,311,173,0,7.1
2024-12-13,P013,Furniture,Los Angeles,139,58,19,0,2.5
2024-12-13,P014,Clothing,New York,451,394,231,0,7.2
2024-12-13,P015,Furniture,Chicago,31,32,15,0,6.9
2024-12-13,P016,Clothing,New York,968,328,196,0,2.4
2024-12-13,P017,Electronics,Miami,410,110,87,0,6.6
2024-12-13,P018,Furniture,Los Angeles,95,57,21,0,4.5
2024-12-13,P019,Clothing,Los Angeles,353,389,193,0,4.5
2024-12-13,P020,Furniture,New York,132,30,25,0,3.3
2024-12-20,P001,Office Supplies,Dallas,667,349,151,0,4.0
2024-12-20,P002,Clothing,Chicago,272,326,224,0,2.1
2024-12-20,P003,Office Supplies,Dallas,386,285,105,0,6.4
2024-12-20,P004,Clothing,New York,359,430,203,0,4.6
2024-12-20,P005,Electronics,Dallas,341,103,54,0,5.7
2024-12-20,P006,Clothing,Miami,904,325,234,0,2.6
2024-12-20,P007,Furniture,Chicago,93,32,25,0,6.7
2024-12-20,P008,Office Supplies,Miami,253,322,185,0,6.4
2024-12-20,P009,Electronics,Los Angeles,274,161,67,0,3.7
2024-12-20,P010,Office Supplies,Chicago,425,319,176,0,4.2
2024-12-20,P011,Furniture,New York,81,42,26,0,7.8
2024-12-20,P012,Electronics,Los Angeles,56,119,69,0,6.7
2024-12-20,P013,Clothing,Dallas,316,323,205,0,7.1
2024-12-20,P014,Clothing,Chicago,816,422,211,0,5.2
2024-12-20,P015,Electronics,Chicago,129,116,67,0,3.2
2024-12-20,P016,Electronics,Chicago,199,179,86,0,7.5
2024-12-20,P017,Electronics,Dallas,485,188,64,0,6.6
2024-12-20,P018,Electronics,New York,498,162,92,0,6.6
2024-12-20,P019,Electronics,New York,493,189,85,0,5.9
2024-12-20,P020,Clothing,Los Angeles,837,361,218,0,2.4
2024-12-27,P001,Clothing,New York,885,341,197,0,3.4
2024-12-27,P002,Office Supplies,Chicago,589,327,163,0,7.8
2024-12-27,P003,Office Supplies,Los Angeles,684,206,191,0,5.4
2024-12-27,P004,Clothing,Miami,532,388,234,0,5.5
2024-12-27,P005,Furniture,Miami,102,47,17,0,6.1
2024-12-27,P006,Electronics,New York,281,116,50,0,2.7
2024-12-27,P007,Office Supplies,Los Angeles,401,342,146,0,4.5
2024-12-27,P008,Furniture,Dallas,89,32,16,0,7.1
2024-12-27,P009,Electronics,Dallas,255,171,92,0,2.3
2024-12-27,P010,Office Supplies,Miami,542,344,100,0,5.7
2024-12-27,P011,Office Supplies,New York,590,206,151,0,4.2
2024-12-27,P012,Electronics,Chicago,114,186,82,0,4.6
2024-12-27,P013,Furniture,New York,38,54,24,0,7.9
2024-12-27,P014,Electronics,New York,196,144,97,0,4.1
2024-12-27,P015,Clothing,Miami,741,454,206,0,3.0
2024-12-27,P016,Furniture,Los Angeles,110,48,19,0,5.1
2024-12-27,P017,Office Supplies,Dallas,725,375,154,0,6.1
2024-12-27,P018,Clothing,Dallas,926,334,200,0,4.2
2024-12-27,P019,Electronics,New York,244,140,87,0,2.3
2024-12-27,P020,Office Supplies,Dallas,283,282,134,0,3.6
2025-01-03,P001,Office Supplies,Los Angeles,590,281,191,0,4.7
2025-01-03,P002,Furniture,Miami,103,58,20,0,3.2
2025-01-03,P003,Electronics,Miami,312,142,50,0,3.9
2025-01-03,P004,Office Supplies,Chicago,119,258,104,0,6.3
2025-01-03,P005,Furniture,New York,32,40,22,0,7.5
2025-01-03,P006,Furniture,Dallas,150,49,27,0,4.3
2025-01-03,P007,Clothing,Miami,764,401,195,0,3.6
2025-01-03,P008,Furniture,Dallas,119,60,25,0,2.9
2025-01-03,P009,Furniture,Los Angeles,146,33,29,0,7.5
2025-01-03,P010,Office Supplies,Dallas,320,399,154,0,3.0
2025-01-03,P011,Electronics,Dallas,430,148,52,0,7.5
2025-01-03,P012,Furniture,Los Angeles,72,48,17,0,5.2
2025-01-03,P013,Office Supplies,Miami,707,213,169,0,3.6
2025-01-03,P014,Electronics,Miami,487,189,87,0,5.0
2025-01-03,P015,Furniture,Chicago,44,57,24,0,3.6
2025-01-03,P016,Clothing,Dallas,1000,479,216,0,7.5
2025-01-03,P017,Furniture,Dallas,21,58,19,0,6.9
2025-01-03,P018,Office Supplies,New York,674,215,118,0,5.0
2025-01-03,P019,Electronics,Chicago,335,117,75,0,3.9
2025-01-03,P020,Electronics,New York,231,109,88,0,7.1
2025-01-10,P001,Electronics,Miami,171,100,89,0,3.0
2025-01-10,P002,Furniture,Chicago,117,33,28,0,6.2
2025-01-10,P003,Office Supplies,Miami,332,302,149,0,3.4
2025-01-10,P004,Electronics,Chicago,243,105,65,0,4.9
2025-01-10,P005,Electronics,Dallas,131,121,55,0,5.6
2025-01-10,P006,Electronics,Los Angeles,361,164,96,0,4.9
2025-01-10,P007,Furniture,New York,106,31,27,0,5.8
2025-01-10,P008,Office Supplies,New York,474,350,182,0,7.8
2025-01-10,P009,Clothing,Miami,486,387,188,0,2.5
2025-01-10,P010,Office Supplies,Miami,342,278,174,0,7.0
2025-01-10,P011,Electronics,Los Angeles,424,108,72,0,6.9
2025-01-10,P012,Clothing,Dallas,673,326,250,0,5.2
2025-01-10,P013,Office Supplies,Dallas,543,225,142,0,3.8
2025-01-10,P014,Electronics,Miami,239,154,52,0,2.9
2025-01-10,P015,Office Supplies,Chicago,316,324,112,0,6.2
2025-01-10,P016,Furniture,Los Angeles,30,42,20,0,2.7
2025-01-10,P017,Electronics,Los Angeles,489,119,98,0,3.6
2025-01-10,P018,Clothing,Los Angeles,771,329,249,0,6.9
2025-01-10,P019,Electronics,New York,60,197,86,0,4.5
2025-01-10,P020,Furniture,Los Angeles,62,40,17,0,7.0
2025-01-17,P001,Furniture,Miami,143,35,25,0,3.8
2025-01-17,P002,Furniture,Chicago,86,30,25,0,6.8
2025-01-17,P003,Clothing,Los Angeles,747,307,162,0,6.2
2025-01-17,P004,Electronics,Chicago,124,136,69,0,2.3
2025-01-17,P005,Furniture,Los Angeles,138,42,22,0,3.8
2025-01-17,P006,Clothing,Dallas,302,382,237,0,3.2
2025-01-17,P007,Office Supplies,Chicago,186,202,118,0,2.4
2025-01-17,P008,Electronics,Los Angeles,357,148,91,0,5.1
2025-01-17,P009,Electronics,Los Angeles,334,191,83,0,3.9
2025-01-17,P010,Office Supplies,Los Angeles,113,229,152,0,8.0
2025-01-17,P011,Clothing,Chicago,327,403,192,0,7.9
2025-01-17,P012,Furniture,Miami,102,52,15,0,6.2
2025-01-17,P013,Office Supplies,Los Angeles,734,355,197,0,7.4
2025-01-17,P014,Office Supplies,Chicago,308,212,100,0,4.7
2025-01-17,P015,Electronics,New York,273,171,72,0,3.6
2025-01-17,P016,Clothing,New York,592,488,158,0,2.2
2025-01-17,P017,Clothing,Miami,321,413,210,0,6.1
2025-01-17,P018,Clothing,New York,954,461,164,0,4.7
2025-01-17,P019,Clothing,Chicago,308,470,204,0,4.7
2025-01-17,P020,Clothing,New York,563,425,234,0,5.1
2025-01-24,P001,Furniture,Los Angeles,107,33,21,0,4.9
2025-01-24,P002,Clothing,Miami,342,500,153,0,6.3
2025-01-24,P003,Furniture,New York,24,39,19,0,4.9
2025-01-24,P004,Electronics,Los Angeles,79,195,79,0,2.1
2025-01-24,P005,Electronics,Dallas,86,135,55,0,5.8
2025-01-24,P006,Office Supplies,Miami,271,384,174,0,2.5
2025-01-24,P007,Office Supplies,Miami,252,325,124,0,2.8
2025-01-24,P008,Electronics,Dallas,106,189,72,0,4.3
2025-01-24,P009,Furniture,New York,121,38,24,0,6.5
2025-01-24,P010,Office Supplies,Miami,520,400,186,0,6.3
2025-01-24,P011,Electronics,Miami,436,126,62,0,7.0
2025-01-24,P012,Clothing,New York,612,410,205,0,4.5
2025-01-24,P013,Furniture,Miami,51,59,18,0,7.9
2025-01-24,P014,Furniture,Los Angeles,46,56,22,0,3.2
2025-01-24,P015,Furniture,New York,35,39,16,0,7.9
2025-01-24,P016,Electronics,Los Angeles,421,167,51,0,7.7
2025-01-24,P017,Electronics,Dallas,340,155,85,0,4.3
2025-01-24,P018,Office Supplies,Dallas,601,239,197,0,2.6
2025-01-24,P019,Office Supplies,Los Angeles,714,278,175,0,2.8
2025-01-24,P020,Office Supplies,Dallas,320,400,119,0,3.2
2025-01-31,P001,Furniture,Los Angeles,36,31,30,0,5.6
2025-01-31,P002,Clothing,Chicago,982,419,222,0,7.8
2025-01-31,P003,Office Supplies,Chicago,146,276,149,0,4.5
2025-01-31,P004,Electronics,Miami,478,135,68,0,2.3
2025-01-31,P005,Furniture,Dallas,138,30,17,0,5.7
2025-01-31,P006,Electronics,Dallas,414,147,90,0,5.2
2025-01-31,P007,Furniture,Dallas,54,54,27,0,7.3
2025-01-31,P008,Electronics,Miami,336,108,99,0,4.0
2025-01-31,P009,Office Supplies,Miami,385,293,138,0,2.6
2025-01-31,P010,Furniture,Los Angeles,35,37,29,0,6.0
2025-01-31,P011,Office Supplies,New York,781,315,199,0,4.6
2025-01-31,P012,Electronics,Los Angeles,291,152,78,0,2.6
2025-01-31,P013,Furniture,Dallas,70,39,24,0,4.0
2025-01-31,P014,Office Supplies,Dallas,728,370,165,0,4.3
2025-01-31,P015,Office Supplies,New York,520,265,156,0,5.1
2025-01-31,P016,Electronics,Miami,331,110,61,0,3.0
2025-01-31,P017,Office Supplies,Dallas,191,267,144,0,6.6
2025-01-31,P018,Electronics,Dallas,431,188,81,0,4.2
2025-01-31,P019,Clothing,Dallas,636,339,153,0,2.5
2025-01-31,P020,Electronics,Miami,331,126,78,0,8.0
2025-02-07,P001,Furniture,Miami,65,36,27,0,7.4
2025-02-07,P002,Office Supplies,New York,183,212,145,0,3.9
2025-02-07,P003,Office Supplies,Miami,117,302,155,0,6.5
2025-02-07,P004,Office Supplies,Dallas,594,279,124,0,5.8
2025-02-07,P005,Electronics,Miami,470,149,71,0,5.6
2025-02-07,P006,Furniture,Miami,134,36,25,0,7.4
2025-02-07,P007,Office Supplies,New York,164,235,121,0,4.8
2025-02-07,P008,Office Supplies,Chicago,502,262,110,0,3.8
2025-02-07,P009,Furniture,New York,125,57,17,0,2.3
2025-02-07,P010,Electronics,Miami,377,129,95,0,2.2
2025-02-07,P011,Electronics,Los Angeles,439,138,56,0,6.7
2025-02-07,P012,Furniture,Miami,93,60,18,0,4.1
2025-02-07,P013,Office Supplies,Chicago,326,205,155,0,3.4
2025-02-07,P014,Electronics,Miami,224,105,61,0,2.8
2025-02-07,P015,Electronics,Chicago,405,157,93,0,5.9
2025-02-07,P016,Clothing,New York,368,406,238,0,7.4
2025-02-07,P017,Furniture,Chicago,64,40,24,0,2.7
2025-02-07,P018,Office Supplies,Miami,307,281,174,0,5.9
2025-02-07,P019,Office Supplies,Chicago,477,247,124,0,2.5
2025-02-07,P020,Furniture,Dallas,136,33,18,0,2.9
2025-02-14,P001,Office Supplies,New York,760,200,141,0,7.3
2025-02-14,P002,Office Supplies,Dallas,311,289,118,0,2.9
2025-02-14,P003,Office Supplies,Dallas,321,283,169,0,6.0
2025-02-14,P004,Furniture,Chicago,64,41,15,0,7.6
2025-02-14,P005,Furniture,Los Angeles,77,30,25,0,2.8
2025-02-14,P006,Furniture,New York,112,51,22,0,4.3
2025-02-14,P007,Electronics,New York,414,164,86,0,5.7
2025-02-14,P008,Clothing,Dallas,908,393,197,0,3.8
2025-02-14,P009,Clothing,Chicago,867,394,201,0,4.1
2025-02-14,P010,Clothing,Chicago,392,454,218,0,2.3
2025-02-14,P011,Furniture,Miami,50,53,23,0,3.2
2025-02-14,P012,Furniture,Miami,140,39,21,0,5.3
2025-02-14,P013,Furniture,Chicago,122,48,25,0,5.7
2025-02-14,P014,Office Supplies,Miami,151,243,127,0,3.8
2025-02-14,P015,Clothing,Chicago,470,491,168,0,7.6
2025-02-14,P016,Office Supplies,Miami,415,233,166,0,5.3
2025-02-14,P017,Electronics,Miami,455,103,82,0,6.1
2025-02-14,P018,Electronics,Los Angeles,107,129,75,0,7.2
2025-02-14,P019,Electronics,New York,178,108,63,0,5.5
2025-02-14,P020,Office Supplies,Chicago,268,235,152,0,3.7
2025-02-21,P001,Clothing,Dallas,273,307,153,0,7.6
2025-02-21,P002,Electronics,Dallas,265,102,72,0,4.2
2025-02-21,P003,Office Supplies,Chicago,621,351,190,0,2.4
2025-02-21,P004,Furniture,New York,57,48,27,0,4.6
2025-02-21,P005,Clothing,Miami,693,436,211,0,2.0
2025-02-21,P006,Office Supplies,Dallas,321,394,160,0,7.6
2025-02-21,P007,Electronics,New York,183,166,72,0,2.5
2025-02-21,P008,Clothing,Miami,354,376,188,0,5.0
2025-02-21,P009,Electronics,New York,472,138,64,0,5.7
2025-02-21,P010,Electronics,Chicago,498,189,53,0,6.3
2025-02-21,P011,Clothing,Dallas,788,433,180,0,3.3
2025-02-21,P012,Office Supplies,Los Angeles,796,269,121,0,2.5
2025-02-21,P013,Furniture,Chicago,94,33,28,0,3.6
2025-02-21,P014,Electronics,Los Angeles,299,172,70,0,5.7
2025-02-21,P015,Furniture,Dallas,57,33,24,0,2.9
2025-02-21,P016,Office Supplies,Los Angeles,590,311,142,0,3.1
2025-02-21,P017,Office Supplies,Miami,306,369,145,0,5.7
2025-02-21,P018,Clothing,Miami,419,459,216,0,7.2
2025-02-21,P019,Clothing,Los Angeles,948,391,177,0,3.2
2025-02-21,P020,Office Supplies,Los Angeles,553,280,101,0,2.3
2025-02-28,P001,Furniture,Chicago,108,58,19,0,4.9
2025-02-28,P002,Clothing,Dallas,980,419,219,0,3.0
2025-02-28,P003,Clothing,Miami,863,397,184,0,3.7
2025-02-28,P004,Furniture,Miami,69,39,30,0,3.7
2025-02-28,P005,Electronics,Chicago,353,193,86,0,7.9
2025-02-28,P006,Office Supplies,Chicago,168,383,157,0,7.1
2025-02-28,P007,Clothing,Los Angeles,876,302,187,0,7.5
2025-02-28,P008,Clothing,Dallas,288,488,230,0,2.2
2025-02-28,P009,Electronics,Dallas,93,196,63,0,2.4
2025-02-28,P010,Clothing,Dallas,576,440,150,0,3.6
2025-02-28,P011,Furniture,Los Angeles,146,60,29,0,6.5
2025-02-28,P012,Office Supplies,New York,245,224,131,0,5.0
2025-02-28,P013,Furniture,Los Angeles,72,44,15,0,6.0
2025-02-28,P014,Office Supplies,Chicago,333,388,150,0,7.1
2025-02-28,P015,Furniture,New York,38,53,24,0,6.3
2025-02-28,P016,Office Supplies,Los Angeles,146,264,135,0,6.6
2025-02-28,P017,Office Supplies,Chicago,555,300,154,0,7.8
2025-02-28,P018,Office Supplies,Miami,539,334,136,0,6.4
2025-02-28,P019,Office Supplies,Los Angeles,467,218,145,0,3.8
2025-02-28,P020,Electronics,Chicago,260,173,87,0,7.6
2025-03-07,P001,Clothing,Miami,573,398,200,0,2.3
2025-03-07,P002,Furniture,Los Angeles,90,59,15,0,3.4
2025-03-07,P003,Office Supplies,New York,202,227,151,0,2.6
2025-03-07,P004,Electronics,Chicago,262,147,73,0,5.7
2025-03-07,P005,Electronics,Los Angeles,272,101,60,0,4.6
2025-03-07,P006,Office Supplies,Chicago,201,267,141,0,4.1
2025-03-07,P007,Electronics,Miami,198,194,84,0,6.8
2025-03-07,P008,Electronics,New York,142,195,98,0,7.4
2025-03-07,P009,Furniture,Los Angeles,37,53,18,0,7.0
2025-03-07,P010,Furniture,Los Angeles,97,59,28,0,6.6
2025-03-07,P011,Office Supplies,New York,135,324,190,0,3.5
2025-03-07,P012,Electronics,Los Angeles,207,194,78,0,6.2
2025-03-07,P013,Electronics,Dallas,145,116,59,0,7.7
2025-03-07,P014,Furniture,Miami,29,30,26,0,5.4
2025-03-07,P015,Office Supplies,Chicago,460,350,110,0,6.7
2025-03-07,P016,Office Supplies,Dallas,268,221,132,0,3.1
2025-03-07,P017,Office Supplies,New York,619,338,153,0,7.2
2025-03-07,P018,Clothing,Chicago,252,363,218,0,3.0
2025-03-07,P019,Clothing,Miami,652,398,181,0,5.1
2025-03-07,P020,Electronics,Miami,122,155,75,0,3.8
2025-03-14,P001,Office Supplies,Dallas,612,326,170,0,6.7
2025-03-14,P002,Furniture,Chicago,29,53,30,0,2.0
2025-03-14,P003,Clothing,New York,507,414,219,0,5.4
2025-03-14,P004,Furniture,Chicago,109,51,23,0,7.5
2025-03-14,P005,Electronics,Dallas,165,110,89,0,2.4
2025-03-14,P006,Electronics,Miami,50,115,76,0,5.9
2025-03-14,P007,Furniture,Chicago,42,39,17,0,4.5
2025-03-14,P008,Electronics,Chicago,136,174,90,0,3.1
2025-03-14,P009,Furniture,Miami,105,50,30,0,3.0
2025-03-14,P010,Office Supplies,Los Angeles,158,347,197,0,4.4
2025-03-14,P011,Electronics,Los Angeles,454,104,74,0,7.6
2025-03-14,P012,Clothing,New York,339,412,175,0,4.2
2025-03-14,P013,Electronics,Los Angeles,188,171,80,0,7.6
2025-03-14,P014,Office Supplies,Miami,623,398,122,0,7.3
2025-03-14,P015,Furniture,Dallas,79,37,21,0,7.9
2025-03-14,P016,Electronics,Miami,195,193,86,0,4.9
2025-03-14,P017,Clothing,Los Angeles,235,395,206,0,2.7
2025-03-14,P018,Clothing,Los Angeles,638,419,215,0,7.6
2025-03-14,P019,Clothing,Dallas,392,489,205,0,5.3
2025-03-14,P020,Clothing,New York,543,434,152,0,6.9
2025-03-21,P001,Electronics,Los Angeles,289,185,74,0,3.0
2025-03-21,P002,Electronics,Chicago,303,124,71,0,3.5
2025-03-21,P003,Office Supplies,Dallas,248,329,167,0,5.9
2025-03-21,P004,Electronics,Dallas,234,151,81,0,7.4
2025-03-21,P005,Electronics,Chicago,407,136,63,0,2.5
2025-03-21,P006,Office Supplies,Dallas,126,215,119,0,2.9
2025-03-21,P007,Clothing,New York,565,338,179,0,3.9
2025-03-21,P008,Clothing,New York,354,401,242,0,2.5
2025-03-21,P009,Office Supplies,Dallas,532,346,198,0,5.3
2025-03-21,P010,Office Supplies,Los Angeles,608,221,126,0,4.6
2025-03-21,P011,Furniture,Miami,121,32,20,0,3.2
2025-03-21,P012,Furniture,Chicago,74,55,29,0,2.3
2025-03-21,P013,Office Supplies,Dallas,316,396,179,0,2.2
2025-03-21,P014,Clothing,Chicago,815,471,250,0,4.4
2025-03-21,P015,Office Supplies,Miami,637,221,139,0,4.0
2025-03-21,P016,Electronics,Miami,250,114,73,0,4.8
2025-03-21,P017,Electronics,New York,355,193,67,0,3.2
2025-03-21,P018,Furniture,Los Angeles,89,42,21,0,3.8
2025-03-21,P019,Furniture,Los Angeles,60,48,20,0,2.4
2025-03-21,P020,Clothing,Miami,981,488,182,0,5.7
2025-03-28,P001,Office Supplies,Dallas,566,368,149,0,5.9
2025-03-28,P002,Electronics,Miami,54,160,83,0,2.1
2025-03-28,P003,Furniture,New York,146,59,20,0,7.5
2025-03-28,P004,Office Supplies,New York,462,202,132,0,2.3
2025-03-28,P005,Office Supplies,Dallas,228,281,194,0,5.7
2025-03-28,P006,Clothing,Dallas,850,483,164,0,6.5
2025-03-28,P007,Office Supplies,Miami,685,230,114,0,4.6
2025-03-28,P008,Office Supplies,Los Angeles,374,378,120,0,5.8
2025-03-28,P009,Office Supplies,New York,138,358,186,0,2.9
2025-03-28,P010,Furniture,Dallas,137,48,23,0,7.7
2025-03-28,P011,Furniture,New York,122,43,18,0,7.7
2025-03-28,P012,Furniture,Los Angeles,66,40,15,0,7.5
2025-03-28,P013,Furniture,Miami,129,60,25,0,3.1
2025-03-28,P014,Furniture,New York,47,59,30,0,7.8
2025-03-28,P015,Furniture,Dallas,100,46,15,0,4.8
2025-03-28,P016,Clothing,Chicago,439,421,190,0,2.8
2025-03-28,P017,Electronics,Los Angeles,129,196,65,0,6.7
2025-03-28,P018,Electronics,New York,112,171,59,0,3.8
2025-03-28,P019,Office Supplies,Dallas,707,394,191,0,4.8
2025-03-28,P020,Clothing,Los Angeles,509,448,200,0,2.3
2025-04-04,P001,Office Supplies,Los Angeles,256,367,127,0,3.4
2025-04-04,P002,Electronics,Miami,265,155,53,0,5.6
2025-04-04,P003,Clothing,Dallas,596,363,245,0,4.8
2025-04-04,P004,Electronics,Los Angeles,196,196,53,0,5.5
2025-04-04,P005,Electronics,Chicago,437,189,55,0,6.2
2025-04-04,P006,Furniture,Chicago,95,57,29,0,2.2
2025-04-04,P007,Electronics,New York,76,115,52,0,5.4
2025-04-04,P008,Clothing,Miami,701,345,236,0,2.8
2025-04-04,P009,Electronics,Miami,446,181,86,0,5.4
2025-04-04,P010,Furniture,Miami,36,33,24,0,5.5
2025-04-04,P011,Electronics,New York,403,145,76,0,7.6
2025-04-04,P012,Furniture,New York,108,44,22,0,4.0
2025-04-04,P013,Office Supplies,Chicago,130,301,109,0,5.7
2025-04-04,P014,Clothing,Los Angeles,956,457,212,0,4.2
2025-04-04,P015,Office Supplies,Chicago,724,302,189,0,4.3
2025-04-04,P016,Office Supplies,New York,444,348,107,0,7.7
2025-04-04,P017,Furniture,Chicago,60,53,19,0,3.5
2025-04-04,P018,Office Supplies,Chicago,276,223,158,0,2.4
2025-04-04,P019,Furniture,New York,75,46,30,0,5.1
2025-04-04,P020,Electronics,Dallas,58,168,66,0,3.1
2025-04-11,P001,Clothing,New York,443,441,219,0,3.9
2025-04-11,P002,Office Supplies,Miami,406,253,197,0,2.8
2025-04-11,P003,Office Supplies,Miami,470,343,146,0,6.5
2025-04-11,P004,Office Supplies,Dallas,295,375,135,0,3.3
2025-04-11,P005,Office Supplies,Los Angeles,165,351,183,0,6.8
2025-04-11,P006,Electronics,New York,306,118,55,0,7.9
2025-04-11,P007,Furniture,Los Angeles,26,54,27,1,4.4
2025-04-11,P008,Furniture,Los Angeles,127,51,18,0,7.1
2025-04-11,P009,Clothing,Miami,297,301,226,0,5.5
2025-04-11,P010,Furniture,Chicago,29,34,23,0,4.8
2025-04-11,P011,Furniture,Los Angeles,108,34,18,0,5.5
2025-04-11,P012,Office Supplies,Los Angeles,158,347,177,0,7.8
2025-04-11,P013,Clothing,Miami,685,498,203,0,6.9
2025-04-11,P014,Furniture,Los Angeles,64,49,22,0,7.6
2025-04-11,P015,Electronics,Los Angeles,376,191,57,0,2.4
2025-04-11,P016,Furniture,Miami,49,48,26,0,7.3
2025-04-11,P017,Furniture,New York,37,34,15,0,4.7
2025-04-11,P018,Furniture,Chicago,142,32,22,0,7.8
2025-04-11,P019,Electronics,Dallas,290,152,82,0,5.3
2025-04-11,P020,Office Supplies,New York,331,385,165,0,6.1
2025-04-18,P001,Office Supplies,New York,192,300,143,0,4.2
2025-04-18,P002,Electronics,Dallas,228,109,81,0,3.8
2025-04-18,P003,Office Supplies,Miami,382,364,173,0,7.4
2025-04-18,P004,Electronics,Miami,133,155,87,0,7.2
2025-04-18,P005,Office Supplies,Los Angeles,795,379,127,0,3.8
2025-04-18,P006,Clothing,Miami,889,331,249,0,2.3
2025-04-18,P007,Furniture,Los Angeles,79,46,19,0,6.4
2025-04-18,P008,Office Supplies,Chicago,598,256,123,0,4.4
2025-04-18,P009,Clothing,Miami,620,447,165,0,5.0
2025-04-18,P010,Electronics,Chicago,294,162,51,0,4.0
2025-04-18,P011,Clothing,Chicago,924,439,237,0,6.9
2025-04-18,P012,Furniture,Dallas,41,43,17,0,2.4
2025-04-18,P013,Furniture,Chicago,53,32,15,0,3.6
2025-04-18,P014,Office Supplies,New York,465,201,143,0,4.4
2025-04-18,P015,Office Supplies,Miami,429,209,168,0,5.5
2025-04-18,P016,Electronics,Chicago,488,128,64,0,2.7
2025-04-18,P017,Clothing,Miami,226,391,231,0,4.8
2025-04-18,P018,Furniture,Dallas,133,46,15,0,4.1
2025-04-18,P019,Clothing,Miami,324,473,169,0,2.2
2025-04-18,P020,Clothing,Dallas,239,497,208,0,6.3
2025-04-25,P001,Office Supplies,Los Angeles,255,341,186,0,2.5
2025-04-25,P002,Electronics,Dallas,283,172,91,0,4.8
2025-04-25,P003,Electronics,Dallas,51,134,88,0,3.5
2025-04-25,P004,Office Supplies,Los Angeles,563,224,144,0,2.1
2025-04-25,P005,Office Supplies,Dallas,405,287,143,0,7.6
2025-04-25,P006,Office Supplies,New York,772,297,140,0,4.7
2025-04-25,P007,Clothing,Dallas,372,494,157,0,6.0
2025-04-25,P008,Office Supplies,Dallas,320,220,140,0,2.8
2025-04-25,P009,Furniture,Dallas,148,30,16,0,4.9
2025-04-25,P010,Electronics,Dallas,371,115,58,0,5.8
2025-04-25,P011,Clothing,New York,278,371,220,0,3.6
2025-04-25,P012,Clothing,Dallas,816,434,190,0,7.0
2025-04-25,P013,Clothing,Miami,255,367,219,0,5.1
2025-04-25,P014,Furniture,Chicago,58,51,25,0,6.8
2025-04-25,P015,Clothing,Miami,347,365,166,0,7.7
2025-04-25,P016,Office Supplies,Dallas,141,351,186,0,2.5
2025-04-25,P017,Furniture,Miami,78,42,25,0,4.7
2025-04-25,P018,Office Supplies,Chicago,303,377,116,0,6.2
2025-04-25,P019,Office Supplies,New York,474,386,161,0,6.8
2025-04-25,P020,Office Supplies,Chicago,424,338,161,0,3.2
2025-05-02,P001,Office Supplies,New York,541,321,178,0,6.5
2025-05-02,P002,Electronics,Los Angeles,164,200,58,0,6.9
2025-05-02,P003,Electronics,Los Angeles,273,120,94,0,4.8
2025-05-02,P004,Clothing,Dallas,855,356,150,0,7.9
2025-05-02,P005,Office Supplies,Miami,653,235,141,0,3.5
2025-05-02,P006,Clothing,Miami,724,441,166,0,3.5
2025-05-02,P007,Furniture,Los Angeles,25,44,17,0,4.4
2025-05-02,P008,Electronics,Chicago,307,160,58,0,3.0
2025-05-02,P009,Office Supplies,Dallas,710,261,148,0,4.2
2025-05-02,P010,Clothing,New York,776,409,238,0,7.7
2025-05-02,P011,Clothing,New York,575,481,192,0,4.5
2025-05-02,P012,Furniture,Miami,35,31,20,0,5.4
2025-05-02,P013,Electronics,New York,95,136,87,0,7.2
2025-05-02,P014,Furniture,Chicago,60,49,21,0,4.8
2025-05-02,P015,Office Supplies,Los Angeles,425,282,133,0,2.0
2025-05-02,P016,Office Supplies,New York,164,260,165,0,3.5
2025-05-02,P017,Furniture,Miami,74,57,30,0,2.9
2025-05-02,P018,Clothing,Dallas,888,420,151,0,5.6
2025-05-02,P019,Office Supplies,Chicago,283,219,179,0,6.9
2025-05-02,P020,Furniture,Dallas,117,56,26,0,4.4
2025-05-09,P001,Electronics,Chicago,309,108,79,0,3.4
2025-05-09,P002,Furniture,Dallas,92,42,29,0,4.8
2025-05-09,P003,Clothing,Miami,386,369,160,0,5.5
2025-05-09,P004,Clothing,Los Angeles,652,329,168,0,5.2
2025-05-09,P005,Furniture,Chicago,77,57,23,0,2.6
2025-05-09,P006,Furniture,Miami,41,45,18,0,2.1
2025-05-09,P007,Furniture,Dallas,39,52,29,0,7.3
2025-05-09,P008,Furniture,Los Angeles,42,50,22,0,3.1
2025-05-09,P009,Office Supplies,New York,405,244,157,0,5.4
2025-05-09,P010,Office Supplies,Miami,316,318,166,0,6.6
2025-05-09,P011,Furniture,New York,149,45,16,0,2.3
2025-05-09,P012,Furniture,Los Angeles,129,50,24,0,7.2
2025-05-09,P013,Office Supplies,Los Angeles,688,201,107,0,6.9
2025-05-09,P014,Clothing,Miami,869,424,166,0,2.4
2025-05-09,P015,Office Supplies,Los Angeles,190,280,166,0,8.0
2025-05-09,P016,Office Supplies,New York,124,365,116,0,2.2
2025-05-09,P017,Furniture,Dallas,105,55,25,0,7.1
2025-05-09,P018,Furniture,Chicago,26,50,19,0,6.3
2025-05-09,P019,Furniture,Chicago,118,46,29,0,3.4
2025-05-09,P020,Office Supplies,Chicago,585,220,114,0,6.3
2025-05-16,P001,Clothing,Dallas,241,436,159,0,4.0
2025-05-16,P002,Clothing,Miami,331,336,151,0,5.7
2025-05-16,P003,Furniture,Los Angeles,76,31,30,0,2.6
2025-05-16,P004,Office Supplies,New York,386,313,100,0,6.0
2025-05-16,P005,Furniture,Chicago,53,57,21,0,6.3
2025-05-16,P006,Furniture,Los Angeles,127,35,23,0,7.4
2025-05-16,P007,Electronics,Los Angeles,260,170,82,0,3.0
2025-05-16,P008,Furniture,Miami,136,43,26,0,6.0
2025-05-16,P009,Furniture,Chicago,145,59,19,0,4.0
2025-05-16,P010,Electronics,New York,263,166,50,0,3.6
2025-05-16,P011,Clothing,New York,663,489,225,0,6.8
2025-05-16,P012,Electronics,New York,481,172,56,0,5.6
2025-05-16,P013,Clothing,Chicago,339,301,175,0,5.0
2025-05-16,P014,Electronics,Chicago,234,173,95,0,3.3
2025-05-16,P015,Office Supplies,New York,251,244,190,0,3.7
2025-05-16,P016,Electronics,Los Angeles,221,194,88,0,4.5
2025-05-16,P017,Office Supplies,Chicago,609,391,170,0,6.3
2025-05-16,P018,Office Supplies,Dallas,276,228,157,0,2.6
2025-05-16,P019,Office Supplies,Miami,108,354,114,0,2.9
2025-05-16,P020,Office Supplies,Los Angeles,304,232,128,0,3.2
2025-05-23,P001,Clothing,New York,331,470,176,0,7.9
2025-05-23,P002,Furniture,Miami,117,37,27,0,2.2
2025-05-23,P003,Furniture,Los Angeles,136,35,24,0,4.4
2025-05-23,P004,Office Supplies,Miami,117,359,183,0,4.3
2025-05-23,P005,Office Supplies,Dallas,752,241,101,0,5.0
2025-05-23,P006,Office Supplies,Miami,312,339,153,0,2.8
2025-05-23,P007,Furniture,Dallas,77,58,19,0,4.3
2025-05-23,P008,Office Supplies,New York,387,220,116,0,4.3
2025-05-23,P009,Furniture,New York,63,58,24,0,3.7
2025-05-23,P010,Electronics,Los Angeles,285,105,67,0,3.1
2025-05-23,P011,Office Supplies,Chicago,318,223,185,0,2.6
2025-05-23,P012,Office Supplies,Chicago,620,265,184,0,7.6
2025-05-23,P013,Electronics,Dallas,240,183,56,0,2.6
2025-05-23,P014,Furniture,New York,49,50,19,0,7.1
2025-05-23,P015,Office Supplies,Chicago,390,382,131,0,5.7
2025-05-23,P016,Furniture,Chicago,96,38,23,0,4.2
2025-05-23,P017,Office Supplies,Los Angeles,632,272,109,0,5.7
2025-05-23,P018,Electronics,Chicago,199,125,74,0,4.2
2025-05-23,P019,Office Supplies,Los Angeles,231,335,124,0,7.2
2025-05-23,P020,Office Supplies,New York,141,266,163,0,5.4
2025-05-30,P001,Clothing,Miami,647,385,241,0,5.6
2025-05-30,P002,Furniture,Chicago,44,32,26,0,8.0
2025-05-30,P003,Clothing,Los Angeles,766,359,179,0,5.9
2025-05-30,P004,Clothing,Miami,469,312,229,0,3.5
2025-05-30,P005,Clothing,Dallas,947,336,190,0,3.9
2025-05-30,P006,Electronics,Miami,334,200,68,0,6.4
2025-05-30,P007,Clothing,Dallas,596,394,230,0,5.2
2025-05-30,P008,Electronics,Dallas,465,118,68,0,2.7
2025-05-30,P009,Office Supplies,Los Angeles,117,397,167,0,3.7
2025-05-30,P010,Furniture,Dallas,23,60,26,0,7.6
2025-05-30,P011,Office Supplies,Dallas,109,216,141,0,4.6
2025-05-30,P012,Office Supplies,Chicago,449,322,140,0,2.0
2025-05-30,P013,Office Supplies,Chicago,388,390,196,0,5.3
2025-05-30,P014,Office Supplies,Los Angeles,760,330,115,0,6.2
2025-05-30,P015,Clothing,Miami,201,340,197,0,7.6
2025-05-30,P016,Office Supplies,Los Angeles,743,373,174,0,2.5
2025-05-30,P017,Clothing,Los Angeles,232,404,161,0,6.5
2025-05-30,P018,Electronics,Dallas,346,123,89,0,5.1
2025-05-30,P019,Furniture,Chicago,128,41,22,0,5.2
2025-05-30,P020,Clothing,Dallas,458,456,164,0,4.6
2025-06-06,P001,Furniture,Los Angeles,49,42,21,0,7.9
2025-06-06,P002,Electronics,New York,490,103,73,0,4.4
2025-06-06,P003,Clothing,Los Angeles,466,440,206,0,5.2
2025-06-06,P004,Clothing,Los Angeles,426,318,176,0,4.4
2025-06-06,P005,Furniture,Miami,20,51,23,0,3.6
2025-06-06,P006,Clothing,Dallas,273,495,159,0,5.3
2025-06-06,P007,Electronics,Los Angeles,250,112,87,0,5.7
2025-06-06,P008,Office Supplies,Dallas,402,289,168,0,6.7
2025-06-06,P009,Clothing,Dallas,889,464,157,0,2.7
2025-06-06,P010,Furniture,Dallas,73,57,17,0,2.3
2025-06-06,P011,Electronics,Dallas,108,174,85,0,6.2
2025-06-06,P012,Furniture,Miami,118,43,17,0,7.3
2025-06-06,P013,Electronics,Miami,201,174,57,0,3.8
2025-06-06,P014,Clothing,Los Angeles,625,326,164,0,6.1
2025-06-06,P015,Clothing,Dallas,233,476,195,0,3.1
2025-06-06,P016,Clothing,Chicago,365,374,202,0,6.1
2025-06-06,P017,Electronics,Dallas,265,105,52,0,6.2
2025-06-06,P018,Furniture,New York,71,56,20,0,2.7
2025-06-06,P019,Clothing,Chicago,854,383,217,0,3.3
2025-06-06,P020,Electronics,New York,422,195,83,0,2.9
2025-06-13,P001,Electronics,Chicago,412,158,53,0,3.5
2025-06-13,P002,Office Supplies,New York,259,340,115,0,2.7
2025-06-13,P003,Furniture,Chicago,57,55,30,0,7.1
2025-06-13,P004,Clothing,Chicago,274,394,241,0,6.8
2025-06-13,P005,Furniture,Dallas,136,55,19,0,2.0
2025-06-13,P006,Furniture,Chicago,96,56,16,0,2.5
2025-06-13,P007,Clothing,Los Angeles,266,413,224,0,7.1
2025-06-13,P008,Electronics,Chicago,100,100,96,0,2.3
2025-06-13,P009,Clothing,Miami,388,395,245,0,7.4
2025-06-13,P010,Office Supplies,Miami,390,346,146,0,7.9
2025-06-13,P011,Electronics,New York,75,140,71,0,2.3
2025-06-13,P012,Electronics,Miami,465,181,66,0,6.1
2025-06-13,P013,Office Supplies,Miami,165,340,112,0,4.2
2025-06-13,P014,Clothing,Los Angeles,246,414,189,0,7.6
2025-06-13,P015,Office Supplies,Los Angeles,327,240,117,0,2.2
2025-06-13,P016,Clothing,Los Angeles,721,464,172,0,4.7
2025-06-13,P017,Clothing,Los Angeles,609,489,193,0,3.5
2025-06-13,P018,Furniture,Chicago,114,45,22,0,6.1
2025-06-13,P019,Electronics,Dallas,343,125,70,0,3.7
2025-06-13,P020,Clothing,Chicago,492,409,156,0,6.4
2025-06-20,P001,Office Supplies,Miami,537,353,128,0,2.5
2025-06-20,P002,Electronics,New York,308,160,83,0,5.2
2025-06-20,P003,Office Supplies,Miami,745,302,157,0,6.6
2025-06-20,P004,Clothing,Dallas,636,333,220,0,5.9
2025-06-20,P005,Electronics,Dallas,285,144,100,0,7.4
2025-06-20,P006,Electronics,Dallas,137,184,74,0,2.3
2025-06-20,P007,Electronics,Los Angeles,407,166,85,0,7.1
2025-06-20,P008,Furniture,Dallas,62,53,20,0,4.4
2025-06-20,P009,Furniture,Los Angeles,141,56,23,0,4.0
2025-06-20,P010,Clothing,New York,297,338,201,0,7.6
2025-06-20,P011,Electronics,Dallas,133,179,63,0,5.3
2025-06-20,P012,Furniture,Dallas,72,56,16,0,2.7
2025-06-20,P013,Electronics,Chicago,427,142,73,0,3.0
2025-06-20,P014,Clothing,Chicago,308,300,156,0,3.1
2025-06-20,P015,Clothing,Chicago,453,471,166,0,4.1
2025-06-20,P016,Office Supplies,Chicago,377,333,171,0,7.5
2025-06-20,P017,Clothing,New York,485,358,221,0,6.0
2025-06-20,P018,Office Supplies,Dallas,495,351,187,0,4.3
2025-06-20,P019,Electronics,Los Angeles,277,117,60,0,5.4
2025-06-20,P020,Office Supplies,Los Angeles,104,231,120,0,2.7
2025-06-27,P001,Furniture,New York,118,46,19,0,2.6
2025-06-27,P002,Clothing,Miami,448,482,179,0,4.8
2025-06-27,P003,Electronics,Chicago,118,131,93,0,6.3
2025-06-27,P004,Electronics,Chicago,128,173,78,0,2.4
2025-06-27,P005,Electronics,Chicago,285,155,51,0,7.8
2025-06-27,P006,Electronics,Los Angeles,472,150,62,0,7.0
2025-06-27,P007,Electronics,Chicago,60,142,70,0,7.6
2025-06-27,P008,Electronics,Chicago,238,106,94,0,3.1
2025-06-27,P009,Furniture,New York,32,46,22,0,4.3
2025-06-27,P010,Office Supplies,New York,424,332,189,0,3.2
2025-06-27,P011,Furniture,Miami,42,56,21,0,3.1
2025-06-27,P012,Electronics,Chicago,225,107,84,0,3.6
2025-06-27,P013,Office Supplies,Dallas,236,357,107,0,2.9
2025-06-27,P014,Office Supplies,New York,582,288,198,0,7.5
2025-06-27,P015,Office Supplies,Dallas,114,251,108,0,6.2
2025-06-27,P016,Office Supplies,New York,305,351,118,0,2.5
2025-06-27,P017,Office Supplies,Dallas,503,313,148,0,2.8
2025-06-27,P018,Clothing,New York,803,317,162,0,4.9
2025-06-27,P019,Electronics,New York,443,169,51,0,7.2
2025-06-27,P020,Clothing,Dallas,639,319,208,0,3.6
2025-07-04,P001,Office Supplies,Los Angeles,239,277,149,0,2.5
2025-07-04,P002,Electronics,Chicago,213,120,75,0,4.2
2025-07-04,P003,Office Supplies,New York,353,264,111,0,4.0
2025-07-04,P004,Office Supplies,Chicago,725,356,185,0,6.1
2025-07-04,P005,Office Supplies,Miami,683,223,155,0,4.5
2025-07-04,P006,Office Supplies,Chicago,721,378,190,0,6.0
2025-07-04,P007,Office Supplies,Dallas,470,364,114,0,4.7
2025-07-04,P008,Clothing,Chicago,622,448,213,0,2.3
2025-07-04,P009,Furniture,Los Angeles,79,44,18,0,7.9
2025-07-04,P010,Furniture,Los Angeles,138,34,21,0,4.5
2025-07-04,P011,Clothing,Dallas,934,317,202,0,7.3
2025-07-04,P012,Electronics,New York,166,191,63,0,7.2
2025-07-04,P013,Furniture,New York,110,37,20,0,3.1
2025-07-04,P014,Electronics,Los Angeles,231,185,84,0,3.9
2025-07-04,P015,Clothing,New York,400,451,236,0,5.0
2025-07-04,P016,Electronics,Miami,466,101,50,0,7.3
2025-07-04,P017,Office Supplies,New York,415,376,137,0,2.3
2025-07-04,P018,Furniture,New York,59,37,25,0,3.1
2025-07-04,P019,Furniture,Miami,121,53,20,0,3.0
2025-07-04,P020,Office Supplies,Dallas,400,313,193,0,6.3
